{
	"name": "SWG",
	"sizes": {
		"14": {
			"mm": 2.03200,
			"in": 0.08000
		},
		"15": {
			"mm": 1.82280,
			"in": 0.07200
		},
		"16": {
			"mm": 1.62712,
			"in": 0.06406
		},
		"17": {
			"mm": 1.42240,
			"in": 0.05600
		},
		"18": {
			"mm": 1.21920,
			"in": 0.04800
		},
		"19": {
			"mm": 1.01600,
			"in": 0.04000
		},
		"20": {
			"mm": 0.91440,
			"in": 0.03600
		},
		"21": {
			"mm": 0.81280,
			"in": 0.03200
		},
		"22": {
			"mm": 0.71120,
			"in": 0.02800
		},
		"23": {
			"mm": 0.60960,
			"in": 0.02400
		},
		"24": {
			"mm": 0.55880,
			"in": 0.02200
		},
		"25": {
			"mm": 0.50800,
			"in": 0.02000
		}
	}
}