{
	"name": "AWG",
	"sizes": {
		"12": {
			"mm": 2.05232,
			"in": 0.0808
		},
		"13": {
			"mm": 1.82753,
			"in": 0.07196
		},
		"14": {
			"mm": 1.62712,
			"in": 0.06406
		},
		"15": {
			"mm": 1.44932,
			"in": 0.05706
		},
		"16": {
			"mm": 1.29083,
			"in": 0.05082
		},
		"17": {
			"mm": 1.14935,
			"in": 0.04525
		},
		"18": {
			"mm": 1.02362,
			"in": 0.04030
		},
		"19": {
			"mm": 0.91161,
			"in": 0.03589
		},
		"20": {
			"mm": 0.78892,
			"in": 0.03106
		},
		"21": {
			"mm": 0.72288,
			"in": 0.02846
		},
		"22": {
			"mm": 0.64364,
			"in": 0.02534
		},
		"23": {
			"mm": 0.57328,
			"in": 0.02257
		},
		"24": {
			"mm": 0.51054,
			"in": 0.02010
		}
	}
}